id,unit_id,type,role,related_main_id,prompt,options,correct_index,image,audio,explanation
1,1,true_false,preview,2,Architecture decisions are costly to change later.,,true,,,"True. Structural decisions are built into everything that follows, so changing them later means reworking a lot."
2,1,multiple_choice,main,,What makes a decision architectural?,Costly change|Cheap change|Never changes,0,,,Architecture is the high-level structure of a system — decisions are architectural when they're costly to change later.
3,1,true_false,exercise,2,Architecture focuses on the high-level structure.,,true,,,"True. Architecture is about the high-level structure, such as the major parts and how they connect."
4,1,select_blank,exercise,2,Architecture decisions are ___ to change later.,costly|free|instant,0,,,Architecture decisions are costly to change later because so much code depends on them.
5,1,multiple_choice,exercise,2,What is not typically an architecture decision?,Variable name|Database choice|Service boundary,0,,,"A variable name is a small local choice, easy to change, unlike structural decisions such as how parts communicate."
6,2,true_false,preview,7,Code is the most zoomed-in level.,,true,,,"True. Code is the most zoomed-in level of architecture, the detail inside a single component."
7,2,multiple_choice,main,,Which is the broadest zoom level?,Architecture|Code|A variable,0,,,"Design is the middle zoom level, and code is the most zoomed-in — the actual implementation."
8,2,true_false,exercise,7,Code is the most zoomed-in of the three levels.,,true,,,"Code is the most zoomed-in because it refers to the specific lines of code written in a language, which is much more detailed than high-level design concepts."
9,2,select_blank,exercise,7,Design sits at the ___ zoom level.,middle|broadest|smallest,0,,,"Design usually sits at the middle zoom level because it provides sufficient structure and detail to implement, but remains higher-level than actual code."
10,2,multiple_choice,exercise,7,What is code in this model?,Implementation|Broadest view|A stakeholder,0,,,"In this model, code represents the tangible product—the specific lines of programming language used to build the system, making it synonymous with implementation."
11,3,true_false,preview,12,Scalability is an example of a quality attribute.,,true,,,"Correct; scalability defines how well the system maintains performance as its usage or data volume grows, making it a key quality attribute."
12,3,multi_select,main,,Pick examples of quality attributes.,Scalability|Reliability|Button color,0|1,,,"Quality attributes like scalability, reliability, and maintainability are the non-functional goals architecture serves."
13,3,true_false,exercise,12,Quality attributes are non-functional goals.,,true,,,That's right; these attributes define constraints and characteristics of the system—such as performance or reliability—rather than listing specific functions.
14,3,select_blank,exercise,12,Architecture exists to serve quality ___.,attributes|colors|fonts,0,,,"Architecture is fundamentally about ensuring the quality of certain non-functional attributes, like performance or security."
15,3,multiple_choice,exercise,12,What kind of goal is maintainability?,Non-functional|A feature|A button,0,,,Maintainability describes how easy it is to modify and fix a system after it's built; this falls under the umbrella of non-functional requirements.
16,4,true_false,preview,17,An ADR records the reasoning behind a decision.,,true,,,"That’s exactly right. The whole point of an ADR is to capture the context, trade-offs, and reasoning that led to a specific architectural choice."
17,4,multiple_choice,main,,What does an ADR record?,Why decided|Whole codebase|A meeting,0,,,"ADRs matter most for major decisions, helping future team members understand the reasoning later."
18,4,true_false,exercise,17,An ADR helps future team members understand past reasoning.,,true,,,"Yes, documenting decisions in an ADR creates institutional knowledge, preventing future teams from re-litigating old debates."
19,4,select_blank,exercise,17,ADR stands for architectural decision ___.,record|report|review,0,,,"It stands for Architectural Decision Record, which is simply the standard name for this type of documentation."
20,4,multiple_choice,exercise,17,When is an ADR most useful?,Major decisions|Typos|Never,0,,,"ADRs are specifically designed to document and track the reasoning behind major technical choices, making them perfect for documenting significant decisions. They aren't useful for minor fixes or typos because those don't require formal decision tracking."
21,5,true_false,preview,22,Different stakeholders can have different concerns.,,true,,,"Absolutely; every group involved in a project—from end-users to management—will prioritize different things, leading to varied concerns that must be managed."
22,5,multi_select,main,,Pick likely architecture stakeholders.,Developers|Security team|A logo|A font,0|1,,,"Concerns differ by stakeholder — developers, operators, security, and business leaders all care about different things at once."
23,5,true_false,exercise,22,Different stakeholders can have different concerns at once.,,true,,,"Yes, this is the reality of complex projects; you often have to balance conflicting demands from multiple groups simultaneously."
24,5,select_blank,exercise,22,Architecture must satisfy multiple ___ at once.,stakeholders|fonts|logos,0,,,"An architecture needs to balance the requirements and expectations of all involved parties, which are defined by the stakeholders. Fonts or logos are design elements, not functional constraints that an architecture must satisfy."
25,5,multiple_choice,exercise,22,Give an example architecture stakeholder.,An operator|A font|A logo,0,,,"An operator is a person or group who will use and maintain the system, making them a critical stakeholder whose needs must be considered in the design. Fonts and logos are merely visual assets, not people or groups with vested interests in the architecture's success."
26,6,true_false,preview,27,A monolith deploys as one single unit.,,true,,,True. A monolith is built and deployed as a single unit.
27,6,multiple_choice,main,,What is a monolith deployed as?,One unit|Many units|No unit,0,,,"Monoliths are simple to start with, but get harder to change as they grow."
28,6,true_false,exercise,27,A monolith is simple to start with.,,true,,,"True. A monolith is simple to start with: one codebase, one deployment and no network calls between parts."
29,6,select_blank,exercise,27,A monolith ___ harder to change over time.,grows|shrinks|deploys,0,,,A monolith grows harder to change over time as more code ends up tangled together in one place.
30,6,multiple_choice,exercise,27,What is one downside of a large monolith?,Harder changes|Simpler deploys|Fewer services,0,,,"One downside of a large monolith is that changes get harder, since one edit can affect many unrelated parts."
31,7,true_false,preview,32,Each layer only talks to its neighbor.,,true,,,"True. In a layered design, each layer talks only to the layer next to it, which keeps dependencies orderly."
32,7,multiple_choice,main,,How are layers typically organized?,Horizontally|In a circle|Randomly,0,,,"Layers like presentation, business logic, and data each only talk to their neighboring layer."
33,7,true_false,exercise,32,A layer talks to its neighbor layer.,,true,,,"Yes, that's how layered architectures work; each layer is meant to pass information and functionality to the next one."
34,7,select_blank,exercise,32,Data access is typically its own ___.,layer|button|font,0,,,"Data access should be encapsulated in its own dedicated layer (the DAL), which keeps your core business logic clean and unaware of database specifics."
35,7,multiple_choice,exercise,32,Name a typical layer in this style.,Business logic|Font size|A logo,0,,,"The business logic layer is fundamental because it contains the core rules and processes that define how the application actually functions, separate from presentation details like fonts or logos."
36,8,true_false,preview,37,Microservices can be deployed independently of each other.,,true,,,"That's correct. Because they are designed as independent units, you can update or scale one microservice without needing to redeploy the entire application."
37,8,multiple_choice,main,,What can microservices deploy independently?,Each service|The app|Nothing,0,,,"Microservices are small, independently deployable services — trading some simplicity for the ability to scale each one separately."
38,8,true_false,exercise,37,Microservices trade away some simplicity for flexibility.,,true,,,"Exactly. You gain massive flexibility and scalability, but you pay the price in increased architectural complexity and overhead management compared to a single monolith."
39,8,select_blank,exercise,37,Microservices are ___ deployable units.,"small, independent|one giant|zero",0,,,"Microservices are designed to be small, self-contained units that can be deployed and updated independently of the rest of the system."
40,8,multiple_choice,exercise,37,What can microservices scale independently?,Individual services|The app|Nothing,0,,,"The main benefit is isolation; if only your payment processing service gets hammered with traffic, you only need to scale up resources for that single component."
41,9,true_false,preview,42,Services react to events instead of direct calls.,,true,,,Services communicate by reacting to published facts—events—which means they don't have to wait for a direct response from another specific service.
42,9,multiple_choice,main,,What do services react to here?,Events|Direct calls|Nothing,0,,,Reacting to events instead of calling directly loosens how tightly services depend on each other.
43,9,true_false,exercise,42,Event-driven services can avoid calling each other directly.,,true,,,"True. By using an event system, services are decoupled; they just publish that something happened without knowing who (or how many) other services are listening."
44,9,select_blank,exercise,42,Events ___ service connections.,loosen|tighten|remove,0,,,"Events reduce service dependence because they rely on shared agreements, not direct API calls."
45,9,multiple_choice,exercise,42,What replaces a direct call in this style?,An event|A meeting|A logo,0,,,"In event-driven architectures, services communicate by broadcasting events rather than making direct, synchronous calls. This pattern ensures that components are completely decoupled from one another."
46,10,true_false,preview,47,SOA builds systems from well-defined services.,,true,,,"That's correct; SOA is defined by the principle of breaking down complex applications into smaller, reusable services with clear boundaries and contracts."
47,10,multiple_choice,main,,What does SOA build systems from?,Reusable services|Random files|Giant class,0,,,"SOA is an earlier style than microservices, built from well-defined services often connected through a shared enterprise bus."
48,10,true_false,exercise,47,SOA is an earlier style than modern microservices.,,true,,,"Yes, while microservices are a modern evolution, SOA established the foundational concept of building large systems from discrete, manageable service units first."
49,10,select_blank,exercise,47,SOA services are meant to be ___-defined.,well|poorly|never,0,,,SOA mandates that services must be highly encapsulated and well-defined so they can interact reliably with other parts of the system.
50,10,multiple_choice,exercise,47,What often connects services in classic SOA?,Enterprise bus|Font file|A logo,0,,,"In classic SOA, services are typically connected through an enterprise service bus."
51,11,true_false,preview,52,Serverless functions are triggered by events.,,true,,,"Serverless functions are designed to react to specific triggers, such as a file upload or database change, rather than running continuously in the background."
52,11,multiple_choice,main,,What do you not manage in serverless?,Servers|Your code|Your logic,0,,,Serverless functions are short-lived and triggered by events — the platform runs them for you.
53,11,true_false,exercise,52,Serverless functions are typically short-lived.,,true,,,"Yes, serverless functions only run when triggered and shut down immediately afterward, making them inherently temporary processes."
54,11,select_blank,exercise,52,A serverless function is triggered by an ___.,event|editor|logo,0,,,"Serverless functions don't run on a schedule or by direct user input; they must be explicitly triggered by an external event, such as a file upload or database change."
55,11,multiple_choice,exercise,52,What runs your code in serverless?,A platform|You directly|No one,0,,,"You write and deploy the code, but a managed cloud platform (like AWS Lambda) is responsible for provisioning the runtime environment and executing it."
56,12,true_false,preview,57,A modular monolith has strict module boundaries.,,true,,,"Correct; the design enforces clear separation between modules, meaning changes in one area shouldn't accidentally break another part of the system."
57,12,multiple_choice,main,,What does a modular monolith keep from a monolith?,Simple deploys|Nothing|More servers,0,,,"A modular monolith deploys as one simple unit, like a monolith, but keeps strict boundaries between its modules."
58,12,true_false,exercise,57,A modular monolith has strict internal boundaries.,,true,,,"Yes, this is the defining characteristic—the code structure enforces strong boundaries between different functional parts within the single codebase."
59,12,select_blank,exercise,57,Modules stay strictly ___ from each other.,bounded|merged|deleted,0,,,"Staying bounded keeps modules separate, ensuring changes in one part do not break others."
60,12,multiple_choice,exercise,57,How many units is a modular monolith deployed as?,One|Many|Zero,0,,,"Even though it contains many internally separated modules, a modular monolith is still deployed and run as a single, cohesive application unit."
61,13,true_false,preview,62,Hexagonal architecture isolates the core logic from the outside world.,,true,,,That's correct. Hexagonal architecture ensures your core business rules are isolated from external concerns like the UI or database technology.
62,13,multiple_choice,main,,What does hexagonal architecture isolate?,Core logic|The database|UI only,0,,,"It isolates that core logic by talking to the outside world only through defined ports and adapters, so pieces like the database can be swapped easily."
63,13,true_false,exercise,62,Ports and adapters connect core logic to the outside world.,,true,,,"Yes, this is exactly what Ports and Adapters do: they define the necessary interfaces (ports) and provide the concrete implementations (adapters) that connect them to the outside world."
64,13,select_blank,exercise,62,Core logic talks out only through ___.,ports|the UI|the database,0,,,"The core logic should only interact with abstract contracts, which are defined as ports, rather than depending directly on specific technologies like a database or UI."
65,13,multiple_choice,exercise,62,Why isolate core logic like this?,Easier swaps|Faster typing|More servers,0,,,"Isolating core logic means your business rules are separated from external concerns like databases or UIs. This modularity makes it much easier to swap out an entire component without touching the fundamental, tested logic."
66,14,true_false,preview,67,Clean Architecture points dependencies inward toward the core.,,true,,,"This is crucial: dependencies must always point inward toward the core domain model. If outer layers depend on the inner core, you guarantee that the business rules remain stable even if external frameworks change."
67,14,multiple_choice,main,,Which direction do dependencies point?,Inward|Outward|Sideways,0,,,"These concentric layers put business rules at the very center, with every dependency pointing inward toward them."
68,14,true_false,exercise,67,Business rules sit at the center of Clean Architecture.,,true,,,The business rules are the most important part of the system because they represent the actual domain knowledge. Placing them at the center ensures they don't rely on or get polluted by external technologies like databases or presentation layers.
69,14,select_blank,exercise,67,Layers are arranged as ___ circles.,concentric|random|flat,0,,,"The structure is visualized as concentric circles, meaning dependencies flow from the outermost layer inward toward the core. This visual metaphor dictates which components are allowed to communicate with each other."
70,14,multiple_choice,exercise,67,What sits at the very center?,Business rules|The database|The UI,0,,,"The business rules sit at the absolute center because they define what the application actually *does*. The database and UI are merely mechanisms that allow users or systems to interact with those core, central rules."
71,15,true_false,preview,72,Each filter in pipe-and-filter does one job.,,true,,,"That’s right; the core principle of pipe-and-filter is that each filter should have a single, well-defined job to keep the system modular."
72,15,multiple_choice,main,,What does each filter do?,One job|Every job|No job,0,,,"Data flows through a chain of independent filters connected by pipes, each doing one job before passing data along."
73,15,true_false,exercise,72,Data flows through a chain of steps here.,,true,,,"Yes, this pattern models data flowing sequentially through a series of processing steps, much like water moving through connected pipes."
74,15,select_blank,exercise,72,Filters are connected by ___.,pipes|walls|logos,0,,,"They are connected by pipes, which serves as the visual metaphor for how data streams continuously from one filter to the next stage."
75,15,multiple_choice,exercise,72,Are filters typically independent of each other?,Yes|No|Never,0,,,"Yes, they should be independent; this decoupling means that changing one filter shouldn't require making changes to all the others."
76,16,true_false,preview,77,Separation of concerns keeps responsibilities in distinct parts.,,true,,,"Separation of concerns keeps responsibilities in distinct parts, ensuring that no single module is responsible for too many different jobs."
77,16,multiple_choice,main,,What does separation of concerns keep apart?,Responsibilities|Only files|Only fonts,0,,,"Separation of concerns means each responsibility lives in its own independent part, instead of being tangled together with unrelated ones in the same place."
78,16,true_false,exercise,77,Tangling responsibilities together follows separation of concerns.,,false,,,"The principle is about keeping responsibilities separate, not tangling them together."
79,16,select_blank,exercise,77,Each part should have one clear ___.,responsibility|font|logo,0,,,Each component should only be responsible for one thing to keep the code clean and manageable; this principle is often called Single Responsibility Principle.
80,16,multiple_choice,exercise,77,What is the goal of separation of concerns?,Clear boundaries|More tangling|Fewer files,0,,,"The goal is to create clear boundaries between different parts of your system, so that changes in one area don't accidentally break unrelated functionality."
81,17,true_false,preview,82,Good design wants low coupling and high cohesion.,,true,,,"That’s correct; low coupling means components are independent, and high cohesion means each component is focused on doing one thing well."
82,17,multiple_choice,main,,What should good design aim for?,Low coupling|High coupling|No cohesion,0,,,High cohesion means a part stays focused on one job; high coupling usually causes tangled changes across parts.
83,17,true_false,exercise,82,High cohesion means focused on one job.,,true,,,"Exactly. High cohesion describes a module that is tightly focused and dedicated to performing a single, specific job."
84,17,select_blank,exercise,82,"Good design wants low coupling, high ___.",cohesion|latency|coupling,0,,,The ideal state for good design is low coupling paired with high cohesion; this combination ensures components are independent yet highly focused on their tasks.
85,17,multiple_choice,exercise,82,What does high coupling usually cause?,Tangled changes|Cleaner code|Faster tests,0,,,"High coupling means modules rely too heavily on each other; consequently, a small change in one component can ripple through the system, causing tangled and unpredictable changes everywhere else."
86,18,true_false,preview,87,SOLID is five object-oriented design guidelines.,,true,,,"Yes, SOLID is an acronym that stands for five core principles (Single Responsibility, Open/Closed, etc.) used to guide robust object-oriented design."
87,18,multiple_choice,main,,How many guidelines make up SOLID?,Five|Two|Ten,0,,,SOLID's five guidelines for object-oriented design aim to make code easier to extend and maintain.
88,18,true_false,exercise,87,SOLID aims for code that is easier to maintain.,,true,,,"That's correct; by enforcing loose coupling and high cohesion, SOLID helps you build systems that are much easier for future developers (or yourself) to understand and modify."
89,18,select_blank,exercise,87,SOLID guidelines target object-oriented ___.,design|fonts|logos,0,,,"SOLID principles are rules about how you should structure your software architecture; they target the design process itself, not just the visual elements of the code."
90,18,multiple_choice,exercise,87,What outcome does SOLID aim for?,Easier extension|Faster CPUs|Bigger images,0,,,"The main goal is to make the system open for extension—meaning you can add new features easily—while keeping it closed for modification, which prevents breaking existing functionality."
91,19,true_false,preview,92,Domain-driven design centers on the business domain.,,true,,,"Yes, that's exactly right. DDD is a methodology focused on modeling software based on the core business area it serves, not just technical components."
92,19,multiple_choice,main,,What does DDD model software around?,The domain|Database only|UI colors,0,,,It models around the actual business concepts and rules—the 'domain'—because that's what the software needs to manage. Focusing only on the database or UI would result in a technically sound but functionally useless system.
93,19,true_false,exercise,92,DDD tries to keep code vocabulary close to experts' language.,,true,,,"Yes, this is crucial because using the business jargon makes the software model understandable and relatable to domain experts, not just developers."
94,19,select_blank,exercise,92,DDD centers on the real business ___.,domain|font|logo,0,,,"It focuses entirely on the core operational area of the company, which is its 'domain,' rather than superficial elements like visual design or branding."
95,19,multiple_choice,exercise,92,Whose language does DDD try to reflect?,Domain experts|Only developers|No one,0,,,"The goal is to build a model that speaks the same functional language as the people who actually run the business, meaning domain experts. Developers should adapt to the business language, not vice versa."
96,20,true_false,preview,97,A bounded context has clear boundaries.,,true,,,"Yes, establishing clear boundaries is the primary goal of a bounded context; these boundaries define where specific terms and models are consistent and unambiguous within that part of the system."
97,20,multiple_choice,main,,What does a bounded context define?,Model scope|DB schema|A font,0,,,"Because the same word can mean different things in different bounded contexts, each one has clear boundaries around where its model applies."
98,20,true_false,exercise,97,The same word can mean different things across contexts.,,true,,,"That is correct. When a word has different meanings depending on where it's used, it creates ambiguity—this is precisely what bounded contexts help us manage by giving terms specific definitions."
99,20,select_blank,exercise,97,A bounded context has clear ___.,boundaries|colors|fonts,0,,,A bounded context must have clear boundaries because these limits define the scope and meaning of all the terminology within that specific part of the software system.
100,20,multiple_choice,exercise,97,"Why might the word ""order"" mean two things?",Different contexts|Same context|A typo,0,,,The word can mean different things because it is being used across different contexts; this ambiguity shows why we need to model terms based on their specific domain rather than assuming a universal meaning.
101,21,true_false,preview,102,CQRS splits the read model from the write model.,,true,,,CQRS separates the read model from the write model; this means that querying data is handled independently of updating or saving data.
102,21,multiple_choice,main,,What does CQRS split apart?,"Reads, writes|Two DBs|Two servers",0,,,Splitting reads from writes lets each side be optimized separately for its own job.
103,21,true_false,exercise,102,Each side of CQRS can be optimized separately.,,true,,,"Exactly. Because reads and writes are separated, you can optimize each side using entirely different technologies or scaling strategies."
104,21,select_blank,exercise,102,CQRS separates the read model from the ___ model.,write|font|color,0,,,"CQRS separates the read model from the write model, which is the core concept of separating querying logic from data modification logic."
105,21,multiple_choice,exercise,102,What does CQRS separate?,"Reads, writes|Event records|Time measurements",0,,,"It specifically separates reads (queries) from writes (commands), allowing you to scale and optimize those two functions independently."
106,22,true_false,preview,107,Event sourcing stores every change as an event.,,true,,,"That's correct; event sourcing treats every state change as an immutable event, creating a perfect, chronological audit log of the system's history."
107,22,multiple_choice,main,,What does event sourcing store?,Every change|Current state|Nothing,0,,,"Storing every change as an event, instead of just the current state, means you can always replay the full history."
108,22,true_false,exercise,107,Event sourcing lets you replay history.,,true,,,"True. Event sourcing stores every change as an event, so you can replay history to rebuild past states."
109,22,select_blank,exercise,107,Each change is stored as an ___.,event|image|font,0,,,"In event sourcing, each change is stored as an event, and the current state comes from replaying them."
110,22,multiple_choice,exercise,107,What does event sourcing let you always see?,Full history|Only today|Nothing,0,,,"Event sourcing lets you always see the full history of what happened, not just the latest state."
111,23,true_false,preview,112,Synchronous communication waits for an immediate reply.,,true,,,True. Synchronous communication means the caller waits for an immediate reply before continuing.
112,23,multiple_choice,main,,What does synchronous communication wait for?,Immediate reply|Nothing|Random delay,0,,,"Asynchronous communication fires something off and moves on without waiting, unlike synchronous communication."
113,23,true_false,exercise,112,Asynchronous communication moves on without waiting.,,true,,,True. With asynchronous communication the sender moves on without waiting for the reply.
114,23,select_blank,exercise,112,___ communication needs an immediate reply.,Synchronous|Asynchronous|Neither,0,,,Synchronous communication requires real-time interaction where both parties must be available to reply immediately; this is the definition of synchronous exchange.
115,23,multiple_choice,exercise,112,What does async communication avoid?,Waiting|Sending data|Logic,0,,,"Asynchronous communication's primary benefit is that it removes the pressure of needing an immediate response, allowing people to work on their own schedules and time zones."
116,24,true_false,preview,117,REST uses HTTP verbs like GET and POST.,,true,,,"Yes, REST architecture is built upon existing web standards, using HTTP verbs (like GET or POST) to define what action should be taken on a resource."
117,24,multiple_choice,main,,What does REST organize endpoints around?,Resources|Colors|Fonts,0,,,"REST also uses HTTP verbs like GET and POST for actions, and every response includes a status code."
118,24,true_false,exercise,117,A REST response includes a status code.,,true,,,"True; the status code is essential because it immediately tells the client whether the request was successful (e.g., 200 OK) or if something went wrong (e.g., 404 Not Found)."
119,24,select_blank,exercise,117,REST uses HTTP ___ for actions.,verbs|fonts|colors,0,,,"REST uses HTTP verbs like GET and POST to define the intended action on a resource, making the communication standardized and predictable."
120,24,multiple_choice,exercise,117,Give an example HTTP verb used in REST.,GET|LOAD|SAVE,0,,,"GET is a standard HTTP verb used specifically to retrieve data, which is the core function of reading information in REST. LOAD and SAVE are general programming actions, not defined methods like GET or POST."
121,25,true_false,preview,122,A message queue is a durable middleman.,,true,,,"Being durable means that if either the sender or receiver goes offline, the queue will persist the messages until they can be successfully processed later."
122,25,multiple_choice,main,,What does a message queue sit between?,"Sender, receiver|Two databases|Two fonts",0,,,"As a durable middleman between sender and receiver, a queue means the sender doesn't need the receiver online right now."
123,25,true_false,exercise,122,A queue avoids needing the receiver online.,,true,,,"The queue acts as a buffer; it accepts and holds messages even when the receiving service is down, ensuring no data loss due to temporary downtime."
124,25,select_blank,exercise,122,A queue acts as a durable ___.,middleman|font|logo,0,,,"It functions as a durable middleman because it reliably stores messages between two services, guaranteeing delivery regardless of their immediate availability."
125,25,multiple_choice,exercise,122,What does a queue decouple?,"Sender, receiver|Two fonts|Two colors",0,,,A queue decouples the sender and receiver by allowing them to operate independently; they don't need to communicate directly or worry about each other's real-time status.
126,26,true_false,preview,127,An API gateway is one front door.,,true,,,True. An API gateway is a single front door that clients use to reach many backend services.
127,26,multiple_choice,main,,What does an API gateway act as?,Front door|A database|A font,0,,,"As a front door, a gateway routes requests to many backend services, and often protects them too."
128,26,true_false,exercise,127,An API gateway can protect backend services.,,true,,,True. A gateway can protect backend services by handling authentication and rate limiting before requests reach them.
129,26,select_blank,exercise,127,A gateway routes requests to many ___ services.,backend|frontend only|no,0,,,A gateway receives each request and routes it to the right one of many backend services.
130,26,multiple_choice,exercise,127,How many services can a gateway route to?,Many|Exactly one|None,0,,,"A gateway can route to many services, which is why clients only need to know its one address."
131,27,true_false,preview,132,Service discovery finds another service's address.,,true,,,True. Service discovery lets one service look up another service's current network address.
132,27,multiple_choice,main,,What does service discovery find?,Network address|A font|A logo,0,,,"Discovery happens automatically, without manual lookup, even as instances start and stop."
133,27,true_false,exercise,132,Service discovery works even as instances change.,,true,,,"True. Service discovery keeps working as instances start, stop or move, because addresses are looked up, not hardcoded."
134,27,select_blank,exercise,132,"Discovery happens ___, without manual lookup.",automatically|never|manually,0,,,"Service discovery mechanisms handle finding services on their own, meaning you don't have to look them up by hand or wait for manual updates."
135,27,multiple_choice,exercise,132,Why is discovery needed in dynamic systems?,Addresses change|Addresses fixed|No services,0,,,"In dynamic environments where service locations or instances frequently change, discovery ensures clients can always find the current address without hardcoding it."
136,28,true_false,preview,137,Database per service keeps each service's data private.,,true,,,"Because services own their dedicated database, they are isolated from others, which inherently improves data privacy and reduces the risk of cross-service contamination."
137,28,multiple_choice,main,,What does a shared database cause?,Tight coupling|Full independence|No coupling,0,,,A shared database is simpler at first but causes that coupling; database-per-service keeps each service's data independent instead.
138,28,true_false,exercise,137,Database per service keeps data independent.,,true,,,Having a dedicated database means that changes or failures in one service's data structure won't accidentally break or affect the data of another service.
139,28,select_blank,exercise,137,A shared database is simpler ___.,at first|forever|never,0,,,"While it seems easier to start with one central database, this initial simplicity quickly degrades into complex dependency issues as the system grows."
140,28,multiple_choice,exercise,137,What does database per service protect?,Data independence|Shared schemas|Nothing,0,,,"Using a dedicated database per service ensures that changes in one service's schema won't accidentally break another service relying on shared data, which is the core definition of data independence."
141,29,true_false,preview,142,Strong consistency shows readers the latest write immediately.,,true,,,"Strong consistency guarantees that once a write operation completes, any subsequent read will see that updated data right away. This eliminates the possibility of reading stale information."
142,29,multiple_choice,main,,What does strong consistency guarantee?,Immediate view|A delay|No guarantee,0,,,"Strong consistency shows every reader the latest write immediately; eventual consistency catches up later, not instantly."
143,29,true_false,exercise,142,Eventual consistency guarantees the latest write instantly.,,false,,,"It only guarantees readers will catch up eventually, not right away."
144,29,select_blank,exercise,142,"Eventual consistency catches up ___, not instantly.",eventually|never|instantly,0,,,"With eventual consistency, data replicas are guaranteed to match over time, but there is a delay period where different readers might see different versions. It takes time for all nodes to synchronize."
145,29,multiple_choice,exercise,142,Which model reads the latest write immediately?,Strong|Eventual|Neither,0,,,"Only the Strong consistency model guarantees that a read operation will always return the most recent committed write immediately, unlike eventual consistency which introduces a delay window."
146,30,true_false,preview,147,A cache stores a copy of data for speed.,,true,,,That's exactly right; caches store temporary copies of frequently accessed data to avoid hitting the slower primary database every time. This significantly reduces latency and improves performance.
147,30,multiple_choice,main,,What does a cache trade for speed?,Staleness risk|Nothing|Storage cost,0,,,A cache stores a copy of data somewhere faster to reach than the original source — trading a small staleness risk for that speed.
148,30,true_false,exercise,147,A cache should be faster than the source.,,true,,,True. A cache only helps if it is faster to read than the original source.
149,30,select_blank,exercise,147,A cache stores a ___ of the original data.,copy|font|logo,0,,,"A cache stores a copy of the original data in a faster place, so repeated reads are quick."
150,30,multiple_choice,exercise,147,What is a risk of caching?,Stale data|Faster reads|Lower cost,0,,,A risk of caching is stale data: the copy may no longer match the original after it changes.
151,31,true_false,preview,152,The CAP theorem applies during a network split.,,true,,,True. The CAP theorem describes the trade-off a distributed system faces when a network split happens.
152,31,multiple_choice,main,,When does the CAP tradeoff apply?,A split|Always|Only offline,0,,,"During a network split, a distributed system can only guarantee two of consistency, availability, and partition tolerance at once."
153,31,true_false,exercise,152,CAP allows only two of three at once.,,true,,,"True. During a network partition you can guarantee only two of consistency, availability and partition tolerance."
154,31,select_blank,exercise,152,CAP applies during a network ___.,split|upgrade|login,0,,,"CAP refers to the trade-offs that occur when your distributed system experiences a network partition (split). If the network splits, you must choose between consistency and availability."
155,31,multiple_choice,exercise,152,Name one of the three CAP properties.,Consistency|Font size|Logo color,0,,,"The three properties are Consistency, Availability, and Partition Tolerance. Consistency ensures all nodes see the same data at the same time."
156,32,true_false,preview,157,Horizontal scaling adds more machines to handle load.,,true,,,That's correct; horizontal scaling means adding more machines (scaling out) to spread the load across a larger cluster of hardware.
157,32,multiple_choice,main,,What does horizontal scaling add?,A bigger|More machines|Nothing,0,,,Vertical scaling makes one existing machine bigger instead of adding more machines.
158,32,true_false,exercise,157,Vertical scaling makes one machine bigger.,,true,,,Exactly. Vertical scaling is about increasing the power or resources—like CPU or RAM—of an existing single machine (scaling up).
159,32,select_blank,exercise,157,Horizontal scaling adds more ___.,machines|memory only|nothing,0,,,"Horizontal scaling means adding more machines to your system, which allows you to distribute the load and handle increased traffic."
160,32,multiple_choice,exercise,157,What does vertical scaling change?,Machine size|Machine count|Nothing,0,,,"Vertical scaling means increasing the power of a single machine—like adding more RAM or upgrading the CPU. Horizontal scaling, by contrast, means adding more machines to the pool."
161,33,true_false,preview,162,A load balancer spreads traffic across many servers.,,true,,,"That's correct; its primary job is to act as a traffic cop, intelligently distributing incoming requests across multiple backend servers."
162,33,multiple_choice,main,,What does a load balancer spread?,Traffic|A logo|A font,0,,,"That traffic spreads across multiple servers, so no single one gets overwhelmed while others sit idle."
163,33,true_false,exercise,162,Load balancing helps prevent one server overload.,,true,,,"Exactly. By sharing the workload among several machines, load balancing prevents any single server from becoming a bottleneck or crashing under heavy demand."
164,33,select_blank,exercise,162,Traffic spreads across multiple ___.,servers|fonts|colors,0,,,"When you implement load balancing, the incoming user requests are distributed across multiple servers so that no single machine handles all the traffic."
165,33,multiple_choice,exercise,162,What happens without load balancing?,One overloads|Even spread|No change,0,,,"Without a load balancer, all the incoming requests hit one point of entry, causing that single server to quickly become overloaded and fail."
166,34,true_false,preview,167,A circuit breaker stops calls to a failing service.,,true,,,"Yes, that is exactly what it does; instead of overwhelming the bad service with requests, it trips open and prevents further calls until things stabilize."
167,34,multiple_choice,main,,What does a circuit breaker stop temporarily?,Calls only|All forever|Nothing,0,,,"It stops calls to a failing service after repeated failures, instead of letting them pile up."
168,34,true_false,exercise,167,A circuit breaker helps avoid piling up failures.,,true,,,"Correct. By stopping traffic to a failing service, the circuit breaker prevents cascading failures and gives that service time to recover gracefully."
169,34,select_blank,exercise,167,A circuit breaker stops calls to a ___ service.,failing|healthy|new,0,,,"It specifically targets services that are exhibiting poor health or failure rates, because calling them when they are struggling won't help them recover."
170,34,multiple_choice,exercise,167,When does a circuit breaker trigger?,Repeated fails|Quick success|Logo change,0,,,"It monitors the failure rate; if calls start failing repeatedly in a short window, the system assumes the service is down and trips the circuit."
171,35,true_false,preview,172,Retry delays grow between attempts.,,true,,,"They are designed to grow, which is called exponential backoff; this prevents all clients from hammering the service simultaneously right after it comes back online."
172,35,multiple_choice,main,,What grows between retry attempts?,The delay|The traffic|The logo,0,,,This growing delay is called backoff — it avoids hammering a struggling service with rapid repeated retries.
173,35,true_false,exercise,172,Backoff avoids hammering a service rapidly.,,true,,,"Backoff intentionally increases the wait time between retries, preventing you from overwhelming or 'hammering' an already struggling service."
174,35,select_blank,exercise,172,A growing delay is called ___.,backoff|frontend|a font,0,,,"Backoff describes the strategy of increasing the waiting interval between successive attempts, which is necessary when a service is temporarily unavailable."
175,35,multiple_choice,exercise,172,What does retrying without backoff risk?,Overloading it|Fixing faster|Nothing,0,,,"Retrying immediately and repeatedly can exacerbate the problem by sending too many requests, potentially causing or worsening an overload condition for the service."
176,36,true_false,preview,177,Rate limiting caps requests within a time window.,,true,,,That's right; rate limiting enforces an upper boundary on how many requests a user or client can make over a specific period of time.
177,36,multiple_choice,main,,What does rate limiting cap?,Request count|Font size|Logo size,0,,,"Rate limiting caps how many requests one client can make within a time window, protecting the service from overload."
178,36,true_false,exercise,177,Rate limiting protects a service from overload.,,true,,,"Because it restricts the volume of incoming traffic, rate limiting acts as a guardrail, preventing any single client or group of clients from overwhelming the system's capacity."
179,36,select_blank,exercise,177,Rate limits apply within a time ___.,window|logo|font,0,,,"Rate limits are based on how many requests you make during a defined period of time, which we call a window. Logos and fonts have nothing to do with usage quotas."
180,36,multiple_choice,exercise,177,Who does rate limiting typically restrict?,One client|Every client|No one,0,,,"Rate limiting is designed to manage usage for individual users or clients so that no single entity overwhelms the system. Restricting every client would be too restrictive, and not restricting anyone defeats the purpose of rate limiting."
181,37,true_false,preview,182,A trace follows one request.,,true,,,"A trace is used to monitor the entire lifecycle of a single user action or request as it moves through various parts of an application. Fonts and logos are visual elements, not operational data paths."
182,37,multi_select,main,,Pick the three observability signals.,Logs|Metrics|Traces|Fonts,0|1|2,,,"Logs record discrete events, metrics track numbers over time, and traces follow one request across services."
183,37,true_false,exercise,182,A trace follows one request across services.,,true,,,That's exactly right; a trace provides visibility into how a single incoming request interacts with multiple backend services.
184,37,select_blank,exercise,182,___ track numbers over time.,Metrics|Logos|Fonts,0,,,"Metrics are the specific data points that measure performance or usage counts over a period of time. Logs record discrete events, but metrics track quantifiable numbers like request rates."
185,37,multiple_choice,exercise,182,What do logs typically record?,Discrete events|Font size|Logo color,0,,,"Logs are designed to capture specific, discrete actions or events that happen within a system (like a login attempt or file access). They record *what* happened, not visual details like font size."
186,38,true_false,preview,187,Security is cheaper to design in early.,,true,,,Building security into the initial design phase is significantly cheaper and more effective than trying to patch it on later. Retrofitting security often requires costly overhauls of the entire architecture.
187,38,multiple_choice,main,,When should security be designed in?,From start|Very late|Never,0,,,"Designing access, boundaries, and trust in from the start is far cheaper than bolting security on after the fact."
188,38,true_false,exercise,187,Bolting security on later is usually cheaper.,,false,,,Designing it in from the start is generally far cheaper than retrofitting it.
189,38,select_blank,exercise,187,Design access and ___ into the system early.,trust|logos|fonts,0,,,"You must consider how different parts of your system relate to each other, which is modeled by defining trust relationships between components. This helps identify where data or control might be compromised."
190,38,multiple_choice,exercise,187,What is expensive to bolt on after the fact?,Security|A font|A logo,0,,,"While adding a font or logo is minor, retrofitting robust security measures often requires deep structural changes to the entire system architecture. Security affects fundamental trust boundaries."
191,39,true_false,preview,192,The C4 model uses four zoom levels.,,true,,,"The C4 model provides four distinct levels of abstraction: Context, Container, Component, and Code. This allows you to zoom in from a high-level view down to the implementation details."
192,39,multiple_choice,main,,How many zoom levels does C4 use?,Four|Two|Ten,0,,,"The four levels — context, container, component, code — each zoom in further, from broadest to most detailed."
193,39,true_false,exercise,192,Each C4 level zooms in further than the last.,,true,,,"Yes, that's exactly how it works; you start with the broadest view and progressively zoom into more detail as you go down the levels."
194,39,select_blank,exercise,192,The broadest C4 level is called ___.,context|code|component,0,,,"Context is always the highest, most zoomed-out view, showing how your system fits into the larger business landscape before diving into any specific parts."
195,39,multiple_choice,exercise,192,What is the most zoomed-in C4 level?,Code|Context|Container,0,,,"The Code level represents the deepest dive, showing actual classes and methods—it's where you get into implementation details rather than just high-level structure."
196,40,true_false,preview,197,Every architecture choice involves a trade-off.,,true,,,"Absolutely; choosing one desirable feature (like speed) usually means sacrificing something else, such as complexity or memory usage. This compromise is inherent to engineering."
197,40,select_blank,main,,Every real architecture choice involves a ___.,trade-off|guarantee|shortcut|formula,0,,,Every real choice gains something and gives something up — naming that trade-off honestly matters more than chasing a perfect option.
198,40,select_blank,exercise,197,Naming a trade-off ___ matters most.,honestly|never|randomly,0,,,"Being honest about the compromises is crucial because it helps everyone understand exactly what you are gaining and, more importantly, what limitations you are accepting."
199,40,multiple_choice,exercise,197,What does every architecture choice do?,Trades something|Fixes everything|Costs nothing,0,,,"Every design choice involves a trade-off, meaning you gain something in one area while sacrificing it in another."
200,40,true_false,exercise,197,Being honest about trade-offs is valuable.,,true,,,Understanding the inherent compromises of a system is crucial because no solution is perfect; knowing what you give up helps manage expectations.
201,2,order,exercise,7,"Put these zoom levels in order, broadest first.",Architecture|Design|Code,,,,"Architecture is the broadest view, design is the mid-level structure of a module, and code is the most zoomed-in — the actual lines."
202,7,order,exercise,32,Put a request's path through the layers in order.,Presentation|Business logic|Data,,,,"A request enters through the presentation layer, is handled by business logic, and finally reaches the data layer — each layer only talks to its neighbor."
203,34,order,exercise,167,Put the circuit breaker's states in order.,Closed|Open|Half-open,,,,"Closed lets calls through normally. Repeated failures trip it to open, which blocks calls to the failing service. After a cooldown it goes half-open, letting one trial call through to test if the service has recovered."
204,35,order,exercise,172,"Put these retry delays in order, shortest first.",1 second|2 seconds|4 seconds|8 seconds,,,,Backoff grows the delay between retries — often by doubling it each time — so retries space out instead of hammering a struggling service.
205,39,order,exercise,192,"Put the C4 model's levels in order, broadest first.",Context|Container|Component|Code,,,,"Context is the broadest view of the system, container zooms into its deployable pieces, component zooms into a container's internal parts, and code is the most detailed level."
206,15,match_pairs,exercise,72,Match each style to its defining trait.,Monolith↔Deployed as one unit|Microservices↔Independently deployable services|Serverless↔No servers for you to manage|Event-driven↔Services react to events|Hexagonal↔Core logic isolated behind ports,,,,A quick review of the styles covered so far: each one is defined by how it structures and deploys the system.
207,31,match_pairs,exercise,152,Match each consistency term to its meaning.,"Strong consistency↔Every reader sees the latest write immediately|Eventual consistency↔Readers catch up to the latest write eventually|CAP theorem↔Only two of consistency, availability, partition tolerance at once",,,,"Strong consistency is immediate, eventual consistency catches up later, and the CAP theorem describes the tradeoff a distributed system faces during a network split."
208,27,match_pairs,exercise,132,Match each concept to what it does.,REST API↔Organizes endpoints around resources|Message queue↔Durable middleman between sender and receiver|API gateway↔Front door that routes requests to services|Service discovery↔Finds a service's current address automatically,,,,Each of these solves a different part of getting requests from one service to another reliably.
209,22,match_pairs,exercise,107,Match each principle to what it's about.,Separation of concerns↔Keeping responsibilities apart|Coupling↔How tangled parts are with each other|Cohesion↔How focused one part is on its own job|Bounded context↔Where a specific model's terms apply,,,,These principles all aim at the same goal from different angles: code that's easy to change because responsibilities are clear and isolated.
210,4,multiple_choice,exercise,17,What 3-letter acronym names a decision record?,ADR|RFC|SLA,0,,,ADR stands for architectural decision record.
211,19,multiple_choice,exercise,92,What 3-letter acronym stands for domain-driven design?,DDD|TDD|BDD,0,,,"DDD is the correct acronym because it stands for Domain-Driven Design, which is a methodology focused on modeling complex business domains. TDD and BDD are different development practices, not related to domain modeling."
212,21,multiple_choice,exercise,102,What acronym names splitting reads from writes?,CQRS|CRUD|Web API,0,,,CQRS stands for Command Query Responsibility Segregation — splitting reads from writes.
213,31,multiple_choice,exercise,152,Name the consistency/availability tradeoff acronym.,CAP|ACID|SOLID,0,,,"CAP stands for Consistency, Availability, and Partition tolerance."
214,39,multiple_choice,exercise,192,Name the four-level architecture diagram model.,C4|UML|ERD,0,,,The C4 model gets its name from its four zoom levels.
215,30,multi_select,exercise,147,Pick true things about caching.,Faster reads|Possibly stale|Always exact,0|1,,,A cache is fast to read but trades a small risk of staleness for that speed — it never guarantees perfectly exact freshness.
216,33,multi_select,exercise,162,Pick benefits of load balancing.,Spreads traffic|Prevents overload|Deletes data,0|1,,,Load balancing spreads traffic so no single server gets overwhelmed while others sit idle — it has nothing to do with deleting data.
217,9,multi_select,exercise,42,Pick true things about event-driven systems.,Loose coupling|Tight coupling|Event triggers,0|2,,,Reacting to events instead of direct calls reduces service dependency—the opposite of high dependence.
218,41,true_false,preview,219,This recap revisits Quality attribute.,,true,,,"Right: Quality attribute means non-functional goal, and the cards that follow revisit it with other terms."
219,41,match_pairs,main,,Match each term to its meaning.,Quality attribute↔Non-functional goal|ADR↔Decision record|Modular monolith↔Strict internal boundaries|Hexagonal architecture↔Ports and adapters,,,,Each term is paired with its plain-language meaning.
220,41,match_pairs,exercise,219,Pair every term with its gloss.,"Clean Architecture↔Concentric layers|Domain-driven design↔Model the business|CQRS↔Split reads, writes|Event sourcing↔Store every change",,,,Each term is paired with its plain-language meaning.
221,41,match_pairs,exercise,219,Which meaning fits each term?,Event sourcing↔Store every change|Synchronous communication↔Caller waits|Asynchronous communication↔Fire and continue|Service discovery↔Finds service addresses,,,,Each term is paired with its plain-language meaning.
222,41,match_pairs,exercise,219,Connect the terms to what they mean.,Database per service↔Private service data|Cache↔Faster stored copy|CAP theorem↔Pick two guarantees|Horizontal scaling↔Add machines,,,,Each term is paired with its plain-language meaning.
223,41,match_pairs,exercise,219,Match the terms and meanings.,Horizontal scaling↔Add machines|Vertical scaling↔Bigger machine|Load balancer↔Spreads traffic|Circuit breaker↔Stops failing calls,,,,Each term is paired with its plain-language meaning.
224,41,match_pairs,exercise,219,Link every term to its idea.,Backoff↔Growing retry delay|Rate limiting↔Caps requests|Observability↔Understand running systems|Logs↔Discrete event records,,,,Each term is paired with its plain-language meaning.
225,41,match_pairs,exercise,219,What does each term mean?,Logs↔Discrete event records|Metrics↔Numbers over time|Traces↔Follow one request|C4 model↔Four zoom levels,,,,Each term is paired with its plain-language meaning.
226,41,true_false,exercise,219,Quality attribute means decision record.,,false,,,No: Quality attribute means non-functional goal.
227,1,multiple_choice,exam,,An architectural decision is costly to:,Change|Explain|Document,0,,,Architecture is the high-level structure of a system.
228,1,true_false,exam,,Architecture decisions are easy to change later.,,false,,,They are architectural because changing them is costly.
229,2,multiple_choice,exam,,Which is the broadest zoom level?,Design|Code|Architecture,2,,,Code is the most zoomed-in level.
230,3,multiple_choice,exam,,Scalability is an example of a:,Quality attribute|Design pattern|Test type,0,,,Reliability and maintainability are others.
231,4,multiple_choice,exam,,An ADR records why a decision was:,Reversed|Made|Delayed,1,,,It helps future team members understand the reasoning.
232,5,multiple_choice,exam,,Different stakeholders have different:,Salaries|Locations|Concerns,2,,,"Developers, operators and security teams care about different things."
233,6,multiple_choice,exam,,A monolith is deployed as one:,Unit|Service|Cluster,0,,,It is simple to start but harder to change as it grows.
234,7,multiple_choice,exam,,Layers each talk only to their:,Client|Neighbor|Database,1,,,"Presentation, business logic and data are typical layers."
235,8,multiple_choice,exam,,Microservices can be deployed:,Only together|Once yearly|Independently,2,,,Each service ships on its own.
236,9,multiple_choice,exam,,"In event-driven systems, services react to:",Events|Direct calls|Schedules,0,,,It loosens how tightly services depend on each other.
237,10,multiple_choice,exam,,SOA builds systems from reusable:,Scripts|Services|Layers,1,,,It is an earlier style than microservices.
238,11,multiple_choice,exam,,"In serverless, you do not manage:",Code|Events|Servers,2,,,The platform runs functions when events trigger them.
239,12,multiple_choice,exam,,A modular monolith keeps strict module:,Boundaries|Deadlines|Budgets,0,,,It still deploys as one simple unit.
240,13,multiple_choice,exam,,Hexagonal architecture isolates the:,User interface|Core logic|Database,1,,,The core talks to the outside only through defined ports.
241,14,multiple_choice,exam,,In Clean Architecture dependencies point:,Outward|Randomly|Inward,2,,,Business rules sit at the center.
242,15,multiple_choice,exam,,Each pipe-and-filter filter does:,One job|Every job|No job,0,,,Data flows through a chain of independent filters.
243,16,multiple_choice,exam,,Separation of concerns gives each responsibility its own:,Budget|Part|Owner,1,,,Responsibilities stay in distinct parts.
244,17,multiple_choice,exam,,Good design wants low coupling and high:,Latency|Capacity|Cohesion,2,,,A part should stay focused on one job.
245,18,multiple_choice,exam,,SOLID has how many guidelines?,Five|Three|Seven,0,,,They guide object-oriented design.
246,19,multiple_choice,exam,,Domain-driven design centers on the:,Framework|Business domain|Database,1,,,It models real business concepts and rules.
247,20,multiple_choice,exam,,A bounded context defines a model's:,Speed|Size|Scope,2,,,The same word can mean different things in different contexts.
248,21,multiple_choice,exam,,CQRS separates reads from:,Writes|Events|Users,0,,,Each side can be optimized separately.
249,22,multiple_choice,exam,,Event sourcing stores every:,Query|Change|Backup,1,,,You can rebuild past states from the events.
250,23,multiple_choice,exam,,Synchronous communication waits for a:,Queue|Retry|Reply,2,,,Asynchronous communication moves on without waiting.
251,24,multiple_choice,exam,,REST organizes endpoints around:,Resources|Functions|Screens,0,,,It also uses HTTP verbs such as GET and POST.
252,30,multiple_choice,exam,,A message queue sits between sender and:,Cache|Receiver|Database,1,,,It is a durable middleman.
253,26,multiple_choice,exam,,An API gateway is one:,Back door|Side door|Front door,2,,,It routes requests to many backend services.
254,27,multiple_choice,exam,,Service discovery finds a service's:,Address|Author|Version,0,,,It works even as instances start and stop.
255,28,multiple_choice,exam,,A shared database causes tight:,Caching|Coupling|Latency,1,,,Database per service keeps data private.
256,29,multiple_choice,exam,,Strong consistency shows readers the latest:,Backup|Index|Write,2,,,Eventual consistency may lag behind.
257,29,true_false,exam,,Eventual consistency shows every reader the latest write immediately.,,false,,,That describes strong consistency.
258,30,multiple_choice,exam,,A cache trades freshness for:,Security|Speed|Storage,1,,,The copy can become stale.
259,31,multiple_choice,exam,,The CAP tradeoff applies during a network:,Upgrade|Backup|Split,2,,,A system can guarantee only two of the three properties.
260,32,multiple_choice,exam,,Horizontal scaling adds more:,Machines|Memory|Features,0,,,Vertical scaling makes one machine bigger.
261,33,multiple_choice,exam,,A load balancer spreads:,Code|Traffic|Data,1,,,No single server gets overwhelmed.
262,34,multiple_choice,exam,,A circuit breaker stops calls to a:,New service|Cache|Failing service,2,,,It acts after repeated failures.
263,35,multiple_choice,exam,,"With backoff, the delay between retries:",Grows|Shrinks|Vanishes,0,,,It avoids hammering a struggling service.
264,36,multiple_choice,exam,,Rate limiting caps requests within a:,Database|Time window|Server pool,1,,,It protects the service from one client.
265,37,multiple_choice,exam,,A trace follows one:,User|Server|Request,2,,,Logs record events and metrics track numbers over time.
266,38,multiple_choice,exam,,Security is cheapest to design in:,Early|Late|After launch,0,,,Bolting it on later is far more costly.
267,39,multiple_choice,exam,,The C4 model uses how many zoom levels?,Six|Four|Two,1,,,"Context, container, component and code."
268,40,multiple_choice,exam,,Every architecture choice involves a:,Guarantee|Shortcut|Trade-off,2,,,It gains something and gives something up.
269,40,true_false,exam,,Some architecture choices have no trade-offs.,,false,,,Every real choice gains something and gives something up.
